Workbook

Sheet 工作表1
A1: 公司類別 | B1: 年度 | C1: 月份 | D1: 合併事業群 | E1: 產品類別名稱 | F1: 實際營收 | G1: 五大產品線 | H1: 新事業群
A2: HQ | B2: 2026 | C2: 1 | D2: 網通+技鋼 | F2: 0 | G2: Server | H2: =_xlfn.XLOOKUP(TRIM(D2),對應!D:D,對應!E:E,"未對應") -> 1網通+技鋼
A3: HQ | B3: 2026 | C3: 2 | D3: 網通+技鋼 | F3: 0 | G3: Server | H3: =_xlfn.XLOOKUP(TRIM(D3),對應!D:D,對應!E:E,"未對應") -> 1網通+技鋼
A4: HQ | B4: 2025 | C4: 3 | D4: 通路方案 | E4: PSU | F4: 120150456 | G4: 專案電腦 | H4: =_xlfn.XLOOKUP(TRIM(D4),對應!D:D,對應!E:E,"未對應") -> 3通路方案
A5: HQ | B5: 2025 | C5: 3 | D5: 通路方案 | E5: DRAM | F5: 2218936 | G5: 主板 | H5: =_xlfn.XLOOKUP(TRIM(D5),對應!D:D,對應!E:E,"未對應") -> 3通路方案
A6: HQ | B6: 2025 | C6: 3 | D6: _其他 | E6: Other | F6: 75199082 | G6: Other | H6: =_xlfn.XLOOKUP(TRIM(D6),對應!D:D,對應!E:E,"未對應") -> 7製造
A7: HQ | B7: 2025 | C7: 5 | D7: _筆電+盈嘉 | E7: NB | F7: 495510617 | G7: 筆電 | H7: =_xlfn.XLOOKUP(TRIM(D7),對應!D:D,對應!E:E,"未對應") -> 4筆電+盈嘉
A8: HQ | B8: 2025 | C8: 5 | D8: 通路方案 | E8: CPU COOLER | F8: 17264793 | G8: 專案電腦 | H8: =_xlfn.XLOOKUP(TRIM(D8),對應!D:D,對應!E:E,"未對應") -> 3通路方案
A9: HQ | B9: 2025 | C9: 5 | D9: 通路方案 | E9: VGA | F9: 8429686114 | G9: 顯卡 | H9: =_xlfn.XLOOKUP(TRIM(D9),對應!D:D,對應!E:E,"未對應") -> 3通路方案
A10: HQ | B10: 2025 | C10: 6 | D10: 通路方案 | E10: PSU | F10: 88641153 | G10: 專案電腦 | H10: =_xlfn.XLOOKUP(TRIM(D10),對應!D:D,對應!E:E,"未對應") -> 3通路方案
A11: HQ | B11: 2025 | C11: 6 | D11: 通路方案 | E11: DRAM | F11: 10637843 | G11: 主板 | H11: =_xlfn.XLOOKUP(TRIM(D11),對應!D:D,對應!E:E,"未對應") -> 3通路方案
A12: HQ關係人交易 | B12: 2025 | C12: 1 | D12: 通路方案 | E12: MB | F12: -792843982 | G12: 主板 | H12: =_xlfn.XLOOKUP(TRIM(D12),對應!D:D,對應!E:E,"未對應") -> 3通路方案
A13: HQ關係人交易 | B13: 2025 | C13: 1 | D13: 通路方案 | E13: MM | F13: -29493 | G13: 主板 | H13: =_xlfn.XLOOKUP(TRIM(D13),對應!D:D,對應!E:E,"未對應") -> 3通路方案
A14: HQ關係人交易 | B14: 2025 | C14: 1 | D14: 通路方案 | E14: MM | F14: -230006 | G14: 主板 | H14: =_xlfn.XLOOKUP(TRIM(D14),對應!D:D,對應!E:E,"未對應") -> 3通路方案
A15: HQ關係人交易 | B15: 2025 | C15: 1 | D15: 通路方案 | E15: SSD | F15: -7655652 | G15: 主板 | H15: =_xlfn.XLOOKUP(TRIM(D15),對應!D:D,對應!E:E,"未對應") -> 3通路方案
... A265: HQ | B265: 2025 | C265: 9 | D265: 通路方案 | E265: MB | F265: 2561416464 | G265: 主板 | H265: =_xlfn.XLOOKUP(TRIM(D265),對應!D:D,對應!E:E,"未對應") -> 3通路方案
A266: RMA平台 | B266: 2025 | C266: 3 | D266: 百事益 | F266: 1860687 | G266: 百事益 | H266: =_xlfn.XLOOKUP(TRIM(D266),對應!D:D,對應!E:E,"未對應") -> 5百事益
A267: HQ關係人交易 | B267: 2025 | C267: 1 | D267: 通路方案 | E267: CPU COOLER | F267: -121052 | G267: 專案電腦 | H267: =_xlfn.XLOOKUP(TRIM(D267),對應!D:D,對應!E:E,"未對應") -> 3通路方案
A268: HQ關係人交易 | B268: 2025 | C268: 1 | D268: 通路方案 | E268: CPU COOLER | F268: -4825456 | G268: 專案電腦 | H268: =_xlfn.XLOOKUP(TRIM(D268),對應!D:D,對應!E:E,"未對應") -> 3通路方案
A269: HQ關係人交易 | B269: 2025 | C269: 1 | D269: 通路方案 | E269: PSU | F269: -1841324 | G269: 專案電腦 | H269: =_xlfn.XLOOKUP(TRIM(D269),對應!D:D,對應!E:E,"未對應") -> 3通路方案
A270: HQ關係人交易 | B270: 2025 | C270: 2 | D270: 通路方案 | E270: SSD | F270: -2220705 | G270: 主板 | H270: =_xlfn.XLOOKUP(TRIM(D270),對應!D:D,對應!E:E,"未對應") -> 3通路方案
A271: HQ關係人交易 | B271: 2025 | C271: 2 | D271: 通路方案 | E271: Case | F271: -4648 | G271: 專案電腦 | H271: =_xlfn.XLOOKUP(TRIM(D271),對應!D:D,對應!E:E,"未對應") -> 3通路方案
A272: HQ關係人交易 | B272: 2025 | C272: 2 | D272: 通路方案 | E272: Other | F272: -2366390 | G272: Other | H272: =_xlfn.XLOOKUP(TRIM(D272),對應!D:D,對應!E:E,"未對應") -> 3通路方案
A273: HQ關係人交易 | B273: 2025 | C273: 3 | D273: _其他 | E273: Other | F273: -419464 | G273: Other | H273: =_xlfn.XLOOKUP(TRIM(D273),對應!D:D,對應!E:E,"未對應") -> 7製造
A274: HQ關係人交易 | B274: 2025 | C274: 3 | D274: _其他 | E274: Other | F274: -6898800 | G274: Other | H274: =_xlfn.XLOOKUP(TRIM(D274),對應!D:D,對應!E:E,"未對應") -> 7製造
A275: HQ關係人交易 | B275: 2025 | C275: 1 | D275: 通路方案 | E275: PSU | F275: -4696086 | G275: 專案電腦 | H275: =_xlfn.XLOOKUP(TRIM(D275),對應!D:D,對應!E:E,"未對應") -> 3通路方案
A276: HQ關係人交易 | B276: 2025 | C276: 2 | D276: 通路方案 | E276: MB | F276: -654123447 | G276: 主板 | H276: =_xlfn.XLOOKUP(TRIM(D276),對應!D:D,對應!E:E,"未對應") -> 3通路方案
A277: HQ關係人交易 | B277: 2025 | C277: 2 | D277: 通路方案 | E277: MM | F277: -142126 | G277: 主板 | H277: =_xlfn.XLOOKUP(TRIM(D277),對應!D:D,對應!E:E,"未對應") -> 3通路方案
A278: HQ關係人交易 | B278: 2025 | C278: 2 | D278: _其他 | E278: Other | F278: -227860 | G278: Other | H278: =_xlfn.XLOOKUP(TRIM(D278),對應!D:D,對應!E:E,"未對應") -> 7製造
... A362: HQ | B362: 2025 | C362: 8 | D362: 通路方案 | E362: AI TOP | F362: 7636215 | G362: 專案電腦 | H362: =_xlfn.XLOOKUP(TRIM(D362),對應!D:D,對應!E:E,"未對應") -> 3通路方案
A363: RMA平台 | B363: 2025 | C363: 6 | D363: 百事益 | F363: 15990766 | G363: 百事益 | H363: =_xlfn.XLOOKUP(TRIM(D363),對應!D:D,對應!E:E,"未對應") -> 5百事益
A364: HQ關係人交易 | B364: 2025 | C364: 4 | D364: 通路方案 | E364: MB | F364: -1290305971 | G364: 主板 | H364: =_xlfn.XLOOKUP(TRIM(D364),對應!D:D,對應!E:E,"未對應") -> 3通路方案
A365: HQ關係人交易 | B365: 2025 | C365: 4 | D365: 通路方案 | E365: Other | F365: -2030 | G365: Other | H365: =_xlfn.XLOOKUP(TRIM(D365),對應!D:D,對應!E:E,"未對應") -> 3通路方案
A366: HQ關係人交易 | B366: 2025 | C366: 4 | D366: 通路方案 | E366: VGA | F366: -2000668480 | G366: 顯卡 | H366: =_xlfn.XLOOKUP(TRIM(D366),對應!D:D,對應!E:E,"未對應") -> 3通路方案
A367: HQ關係人交易 | B367: 2025 | C367: 4 | D367: _筆電+盈嘉 | E367: NB | F367: -1383117 | G367: 筆電 | H367: =_xlfn.XLOOKUP(TRIM(D367),對應!D:D,對應!E:E,"未對應") -> 4筆電+盈嘉
A368: HQ關係人交易 | B368: 2025 | C368: 5 | D368: _筆電+盈嘉 | E368: NB | F368: -24392935 | G368: 筆電 | H368: =_xlfn.XLOOKUP(TRIM(D368),對應!D:D,對應!E:E,"未對應") -> 4筆電+盈嘉
A369: HQ關係人交易 | B369: 2025 | C369: 5 | D369: 通路方案 | E369: MB | F369: -325635857 | G369: 主板 | H369: =_xlfn.XLOOKUP(TRIM(D369),對應!D:D,對應!E:E,"未對應") -> 3通路方案
A370: HQ關係人交易 | B370: 2025 | C370: 5 | D370: 通路方案 | E370: MONITOR | F370: -5813875 | G370: 螢幕 | H370: =_xlfn.XLOOKUP(TRIM(D370),對應!D:D,對應!E:E,"未對應") -> 3通路方案
A371: HQ關係人交易 | B371: 2025 | C371: 5 | D371: 通路方案 | E371: PC System | F371: 32017 | G371: 專案電腦 | H371: =_xlfn.XLOOKUP(TRIM(D371),對應!D:D,對應!E:E,"未對應") -> 3通路方案
A372: HQ關係人交易 | B372: 2025 | C372: 5 | D372: 通路方案 | E372: SSD | F372: -80298 | G372: 主板 | H372: =_xlfn.XLOOKUP(TRIM(D372),對應!D:D,對應!E:E,"未對應") -> 3通路方案
A373: HQ關係人交易 | B373: 2025 | C373: 6 | D373: 通路方案 | E373: Case | F373: -1931521 | G373: 專案電腦 | H373: =_xlfn.XLOOKUP(TRIM(D373),對應!D:D,對應!E:E,"未對應") -> 3通路方案
A374: HQ關係人交易 | B374: 2025 | C374: 6 | D374: 通路方案 | E374: Other | F374: -1065526 | G374: Other | H374: =_xlfn.XLOOKUP(TRIM(D374),對應!D:D,對應!E:E,"未對應") -> 3通路方案
A375: HQ關係人交易 | B375: 2025 | C375: 6 | D375: 通路方案 | E375: CPU COOLER | F375: 15016 | G375: 專案電腦 | H375: =_xlfn.XLOOKUP(TRIM(D375),對應!D:D,對應!E:E,"未對應") -> 3通路方案
... A382: 銷售平台 | B382: 2025 | C382: 9 | D382: 百事益 | E382: Other | F382: 442661 | G382: 百事益 | H382: =_xlfn.XLOOKUP(TRIM(D382),對應!D:D,對應!E:E,"未對應") -> 5百事益
A383: RMA平台 | B383: 2025 | C383: 1 | D383: 百事益 | F383: 1703402 | G383: 百事益 | H383: =_xlfn.XLOOKUP(TRIM(D383),對應!D:D,對應!E:E,"未對應") -> 5百事益
A384: RMA平台 | B384: 2025 | C384: 4 | D384: 百事益 | F384: 2357006 | G384: 百事益 | H384: =_xlfn.XLOOKUP(TRIM(D384),對應!D:D,對應!E:E,"未對應") -> 5百事益
A385: 銷售平台 | B385: 2025 | C385: 9 | D385: 通路方案 | E385: MB | F385: 945754342 | G385: 主板 | H385: =_xlfn.XLOOKUP(TRIM(D385),對應!D:D,對應!E:E,"未對應") -> 3通路方案
A386: 銷售平台 | B386: 2025 | C386: 9 | D386: 通路方案 | E386: MM | F386: 140427 | G386: 主板 | H386: =_xlfn.XLOOKUP(TRIM(D386),對應!D:D,對應!E:E,"未對應") -> 3通路方案
A387: RMA平台 | B387: 2025 | C387: 2 | D387: 百事益 | F387: 1176812 | G387: 百事益 | H387: =_xlfn.XLOOKUP(TRIM(D387),對應!D:D,對應!E:E,"未對應") -> 5百事益
A388: RMA平台 | B388: 2025 | C388: 5 | D388: 百事益 | F388: 1473916 | G388: 百事益 | H388: =_xlfn.XLOOKUP(TRIM(D388),對應!D:D,對應!E:E,"未對應") -> 5百事益
A389: HQ關係人交易 | B389: 2025 | C389: 1 | D389: 通路方案 | E389: AI TOP | F389: -1006467 | G389: 專案電腦 | H389: =_xlfn.XLOOKUP(TRIM(D389),對應!D:D,對應!E:E,"未對應") -> 3通路方案
A390: HQ關係人交易 | B390: 2025 | C390: 1 | D390: 通路方案 | E390: PSU | F390: -6995371 | G390: 專案電腦 | H390: =_xlfn.XLOOKUP(TRIM(D390),對應!D:D,對應!E:E,"未對應") -> 3通路方案
A391: HQ關係人交易 | B391: 2025 | C391: 1 | D391: _其他 | E391: Other | F391: -365827 | G391: Other | H391: =_xlfn.XLOOKUP(TRIM(D391),對應!D:D,對應!E:E,"未對應") -> 7製造
A392: 其他子公司關係人交易 | B392: 2025 | C392: 4 | D392: 通路方案 | E392: VGA | F392: -6021893 | G392: 顯卡 | H392: =_xlfn.XLOOKUP(TRIM(D392),對應!D:D,對應!E:E,"未對應") -> 3通路方案
A393: 其他子公司關係人交易 | B393: 2025 | C393: 4 | D393: 通路方案 | E393: MB | F393: -8264484 | G393: 主板 | H393: =_xlfn.XLOOKUP(TRIM(D393),對應!D:D,對應!E:E,"未對應") -> 3通路方案
A394: 其他子公司關係人交易 | B394: 2025 | C394: 4 | D394: 百事益 | E394: Other | F394: -6008182 | G394: 百事益 | H394: =_xlfn.XLOOKUP(TRIM(D394),對應!D:D,對應!E:E,"未對應") -> 5百事益
A395: 其他子公司關係人交易 | B395: 2025 | C395: 5 | D395: 百事益 | E395: Other | F395: -114625 | G395: 百事益 | H395: =_xlfn.XLOOKUP(TRIM(D395),對應!D:D,對應!E:E,"未對應") -> 5百事益
A396: 其他子公司關係人交易 | B396: 2025 | C396: 5 | D396: 百事益 | E396: Other | F396: -6380243 | G396: 百事益 | H396: =_xlfn.XLOOKUP(TRIM(D396),對應!D:D,對應!E:E,"未對應") -> 5百事益
A397: 其他子公司關係人交易 | B397: 2025 | C397: 6 | D397: 百事益 | E397: Other | F397: -2032365 | G397: 百事益 | H397: =_xlfn.XLOOKUP(TRIM(D397),對應!D:D,對應!E:E,"未對應") -> 5百事益
A398: HQ | B398: 2025 | C398: 1 | D398: _其他 | E398: Other | F398: 27663012 | G398: Other | H398: =_xlfn.XLOOKUP(TRIM(D398),對應!D:D,對應!E:E,"未對應") -> 7製造
A399: HQ | B399: 2025 | C399: 1 | D399: 通路方案 | E399: PC System | F399: -82437 | G399: 專案電腦 | H399: =_xlfn.XLOOKUP(TRIM(D399),對應!D:D,對應!E:E,"未對應") -> 3通路方案
A400: HQ | B400: 2025 | C400: 2 | D400: 通路方案 | E400: DRAM | F400: 4846087 | G400: 主板 | H400: =_xlfn.XLOOKUP(TRIM(D400),對應!D:D,對應!E:E,"未對應") -> 3通路方案
... A465: 國內子公司關係人交易 | B465: 2025 | C465: 8 | D465: 網通+技鋼 | E465: 技鋼產品 | F465: -519873 | G465: Server | H465: =_xlfn.XLOOKUP(TRIM(D465),對應!D:D,對應!E:E,"未對應") -> 1網通+技鋼
A466: RMA平台 | B466: 2025 | C466: 1 | D466: 百事益 | F466: 23436238 | G466: 百事益 | H466: =_xlfn.XLOOKUP(TRIM(D466),對應!D:D,對應!E:E,"未對應") -> 5百事益
A467: RMA平台 | B467: 2025 | C467: 4 | D467: 百事益 | F467: 19285290 | G467: 百事益 | H467: =_xlfn.XLOOKUP(TRIM(D467),對應!D:D,對應!E:E,"未對應") -> 5百事益
A468: 國內子公司關係人交易 | B468: 2025 | C468: 1 | D468: 百事益 | E468: Other | F468: -2505 | G468: 百事益 | H468: =_xlfn.XLOOKUP(TRIM(D468),對應!D:D,對應!E:E,"未對應") -> 5百事益
A469: 國內子公司關係人交易 | B469: 2025 | C469: 2 | D469: 百事益 | E469: Other | F469: -10963914 | G469: 百事益 | H469: =_xlfn.XLOOKUP(TRIM(D469),對應!D:D,對應!E:E,"未對應") -> 5百事益
A470: 國內子公司關係人交易 | B470: 2025 | C470: 2 | D470: 網通+技鋼 | E470: 技鋼產品 | F470: -26330713 | G470: Server | H470: =_xlfn.XLOOKUP(TRIM(D470),對應!D:D,對應!E:E,"未對應") -> 1網通+技鋼
A471: 國內子公司關係人交易 | B471: 2025 | C471: 3 | D471: 百事益 | E471: Other | F471: -67893 | G471: 百事益 | H471: =_xlfn.XLOOKUP(TRIM(D471),對應!D:D,對應!E:E,"未對應") -> 5百事益
A472: 國內子公司關係人交易 | B472: 2025 | C472: 3 | D472: 網通+技鋼 | E472: 技鋼產品 | F472: -82685 | G472: Server | H472: =_xlfn.XLOOKUP(TRIM(D472),對應!D:D,對應!E:E,"未對應") -> 1網通+技鋼
A473: 國內子公司關係人交易 | B473: 2025 | C473: 5 | D473: 雲城 | E473: Other | F473: -925810 | G473: 雲城 | H473: =_xlfn.XLOOKUP(TRIM(D473),對應!D:D,對應!E:E,"未對應") -> 6雲城
A474: 國內子公司關係人交易 | B474: 2025 | C474: 5 | D474: 雲城 | E474: Other | F474: -26260 | G474: 雲城 | H474: =_xlfn.XLOOKUP(TRIM(D474),對應!D:D,對應!E:E,"未對應") -> 6雲城
A475: 國內子公司關係人交易 | B475: 2025 | C475: 6 | D475: 網通+技鋼 | E475: 技鋼產品 | F475: -117866735 | G475: Server | H475: =_xlfn.XLOOKUP(TRIM(D475),對應!D:D,對應!E:E,"未對應") -> 1網通+技鋼
A476: 會計師調整數 | B476: 2025 | C476: 5 | D476: _其他 | E476: Other | F476: 6849308 | G476: Other | H476: =_xlfn.XLOOKUP(TRIM(D476),對應!D:D,對應!E:E,"未對應") -> 7製造
A477: 國內子公司關係人交易 | B477: 2025 | C477: 1 | D477: 百事益 | E477: Other | F477: -73654060 | G477: 百事益 | H477: =_xlfn.XLOOKUP(TRIM(D477),對應!D:D,對應!E:E,"未對應") -> 5百事益
A478: 國內子公司關係人交易 | B478: 2025 | C478: 1 | D478: 雲城 | E478: Other | F478: -82750 | G478: 雲城 | H478: =_xlfn.XLOOKUP(TRIM(D478),對應!D:D,對應!E:E,"未對應") -> 6雲城
A479: 國內子公司關係人交易 | B479: 2025 | C479: 2 | D479: 百事益 | E479: Other | F479: -57760 | G479: 百事益 | H479: =_xlfn.XLOOKUP(TRIM(D479),對應!D:D,對應!E:E,"未對應") -> 5百事益
... A542: 國內子公司關係人交易 | B542: 2025 | C542: 1 | D542: 網通+技鋼 | E542: 技鋼產品 | F542: -186220714 | G542: Server | H542: =_xlfn.XLOOKUP(TRIM(D542),對應!D:D,對應!E:E,"未對應") -> 1網通+技鋼
A543: RMA平台 | B543: 2025 | C543: 3 | D543: 百事益 | F543: 15477440 | G543: 百事益 | H543: =_xlfn.XLOOKUP(TRIM(D543),對應!D:D,對應!E:E,"未對應") -> 5百事益
A544: 其他子公司關係人交易 | B544: 2025 | C544: 1 | D544: 百事益 | E544: Other | F544: -8387051 | G544: 百事益 | H544: =_xlfn.XLOOKUP(TRIM(D544),對應!D:D,對應!E:E,"未對應") -> 5百事益
A545: 其他子公司關係人交易 | B545: 2025 | C545: 1 | D545: 百事益 | E545: Other | F545: -64370 | G545: 百事益 | H545: =_xlfn.XLOOKUP(TRIM(D545),對應!D:D,對應!E:E,"未對應") -> 5百事益
A546: 其他子公司關係人交易 | B546: 2025 | C546: 1 | D546: 網通+技鋼 | E546: 技鋼產品 | F546: -7208781 | G546: Server | H546: =_xlfn.XLOOKUP(TRIM(D546),對應!D:D,對應!E:E,"未對應") -> 1網通+技鋼
A547: 其他子公司關係人交易 | B547: 2025 | C547: 1 | D547: 百事益 | E547: Other | F547: -19046634 | G547: 百事益 | H547: =_xlfn.XLOOKUP(TRIM(D547),對應!D:D,對應!E:E,"未對應") -> 5百事益
A548: 其他子公司關係人交易 | B548: 2025 | C548: 2 | D548: 百事益 | E548: Other | F548: -4787790 | G548: 百事益 | H548: =_xlfn.XLOOKUP(TRIM(D548),對應!D:D,對應!E:E,"未對應") -> 5百事益
A549: 其他子公司關係人交易 | B549: 2025 | C549: 2 | D549: 百事益 | E549: Other | F549: -80047 | G549: 百事益 | H549: =_xlfn.XLOOKUP(TRIM(D549),對應!D:D,對應!E:E,"未對應") -> 5百事益
A550: 其他子公司關係人交易 | B550: 2025 | C550: 3 | D550: 通路方案 | E550: Other | F550: -411918 | G550: Other | H550: =_xlfn.XLOOKUP(TRIM(D550),對應!D:D,對應!E:E,"未對應") -> 3通路方案
A551: 其他子公司關係人交易 | B551: 2025 | C551: 3 | D551: 百事益 | E551: Other | F551: -33182 | G551: 百事益 | H551: =_xlfn.XLOOKUP(TRIM(D551),對應!D:D,對應!E:E,"未對應") -> 5百事益
A552: 其他子公司關係人交易 | B552: 2025 | C552: 4 | D552: 網通+技鋼 | E552: 技鋼產品 | F552: -6363925 | G552: Server | H552: =_xlfn.XLOOKUP(TRIM(D552),對應!D:D,對應!E:E,"未對應") -> 1網通+技鋼
A553: 其他子公司關係人交易 | B553: 2025 | C553: 4 | D553: _筆電+盈嘉 | E553: NB | F553: -3638316 | G553: 筆電 | H553: =_xlfn.XLOOKUP(TRIM(D553),對應!D:D,對應!E:E,"未對應") -> 4筆電+盈嘉
A554: 其他子公司關係人交易 | B554: 2025 | C554: 4 | D554: 百事益 | E554: Other | F554: -14318511 | G554: 百事益 | H554: =_xlfn.XLOOKUP(TRIM(D554),對應!D:D,對應!E:E,"未對應") -> 5百事益
A555: 其他子公司關係人交易 | B555: 2025 | C555: 5 | D555: 百事益 | E555: Other | F555: -1890303 | G555: 百事益 | H555: =_xlfn.XLOOKUP(TRIM(D555),對應!D:D,對應!E:E,"未對應") -> 5百事益
... A695: HQ關係人交易 | B695: 2025 | C695: 6 | D695: 通路方案 | E695: PSU | F695: -2984847 | G695: 專案電腦 | H695: =_xlfn.XLOOKUP(TRIM(D695),對應!D:D,對應!E:E,"未對應") -> 3通路方案
A696: RMA平台 | B696: 2025 | C696: 2 | D696: 百事益 | F696: 14774426 | G696: 百事益 | H696: =_xlfn.XLOOKUP(TRIM(D696),對應!D:D,對應!E:E,"未對應") -> 5百事益
A697: RMA平台 | B697: 2025 | C697: 5 | D697: 百事益 | F697: 15348804 | G697: 百事益 | H697: =_xlfn.XLOOKUP(TRIM(D697),對應!D:D,對應!E:E,"未對應") -> 5百事益
A698: RMA平台 | B698: 2025 | C698: 6 | D698: 百事益 | F698: 1074794 | G698: 百事益 | H698: =_xlfn.XLOOKUP(TRIM(D698),對應!D:D,對應!E:E,"未對應") -> 5百事益
A699: 製造平台 | B699: 2025 | C699: 3 | D699: _其他 | E699: Other | F699: 888857 | G699: Other | H699: =_xlfn.XLOOKUP(TRIM(D699),對應!D:D,對應!E:E,"未對應") -> 7製造
A700: 國內子公司 | B700: 2025 | C700: 2 | D700: 技宸 | E700: 技宸產品 | F700: 136388531 | G700: IOT | H700: =_xlfn.XLOOKUP(TRIM(D700),對應!D:D,對應!E:E,"未對應") -> 2技宸
A701: 國內子公司 | B701: 2025 | C701: 2 | D701: 網通+技鋼 | E701: 技鋼產品 | F701: 12901120644 | G701: Server | H701: =_xlfn.XLOOKUP(TRIM(D701),對應!D:D,對應!E:E,"未對應") -> 1網通+技鋼
A702: 國內子公司 | B702: 2025 | C702: 3 | D702: _其他 | E702: Other | F702: 10610885 | G702: Other | H702: =_xlfn.XLOOKUP(TRIM(D702),對應!D:D,對應!E:E,"未對應") -> 7製造
A703: 國內子公司 | B703: 2025 | C703: 5 | D703: 技宸 | E703: 技宸產品 | F703: 129160100 | G703: IOT | H703: =_xlfn.XLOOKUP(TRIM(D703),對應!D:D,對應!E:E,"未對應") -> 2技宸
...

Sheet 對應
D1: 合併事業群 | E1: 新事業群
D2: 網通+技鋼 | E2: 1網通+技鋼 | L2: IFERROR(VLOOKUP(H2,對應!A:B,2,0),"")
D3: 技宸 | E3: 2技宸
A4: QUADRO | B4: 顯卡 | D4: 通路方案 | E4: 3通路方案
A5: VGA | B5: 顯卡 | D5: 筆電+盈嘉 | E5: 4筆電+盈嘉
A6: MONITOR | B6: 螢幕 | D6: _筆電+盈嘉 | E6: 4筆電+盈嘉
A7: NB | B7: 筆電 | D7: 百事益 | E7: 5百事益
A8: AI TOP | B8: 專案電腦 | D8: 雲城 | E8: 6雲城
A9: Case | B9: 專案電腦 | D9: 其他 | E9: 7製造
A10: CPU COOLER | B10: 專案電腦 | D10: _其他 | E10: 7製造
A11: PC System | B11: 專案電腦
A12: PSU | B12: 專案電腦
A13: BRIX | B13: 主板
A14: DRAM | B14: 主板
A15: MB | B15: 主板
A16: MM | B16: 主板
A17: SSD | B17: 主板
A18: Other | B18: Other
